,R²,MAE,MSE,Runtime (s)
best_model_pipeline.joblib,0.9043084975734443,2.1576242575809195,8.612080457795754,0.005873918533325195
